일자,종가,대비,등락률,시가,고가,저가,거래량,거래대금,상장시가총액
"2016/12/29","2026.46","1.97","0.10","2020.42","2026.57","2016.25","264522.0","3009199.0","1.308440374E9"
"2016/12/28","2024.49","-17.68","-0.87","2021.86","2029.69","2020.86","356590.0","3051026.0","1.306848288E9"
"2016/12/27","2042.17","4.42","0.22","2040.74","2044.43","2037.12","384033.0","3095682.0","1.318586364E9"
"2016/12/26","2037.75","1.85","0.09","2038.33","2039.76","2034.80","366636.0","3036259.0","1.315023861E9"
"2016/12/23","2035.90","0.17","0.01","2036.17","2037.71","2031.54","310882.0","3200601.0","1.313648968E9"
"2016/12/22","2035.73","-2.23","-0.11","2041.61","2042.90","2033.99","275096.0","3256421.0","1.313850178E9"
"2016/12/21","2037.96","-3.98","-0.19","2049.47","2053.46","2037.96","284570.0","3384380.0","1.31547544E9"
"2016/12/20","2041.94","3.55","0.17","2044.87","2047.38","2040.81","314221.0","3174669.0","1.317982199E9"
"2016/12/19","2038.39","-3.85","-0.19","2039.40","2046.03","2037.04","249870.0","2976699.0","1.31558442E9"
"2016/12/16","2042.24","5.59","0.27","2037.35","2043.60","2033.23","289708.0","3944177.0","1.317717852E9"
"2016/12/15","2036.65","-0.22","-0.01","2022.14","2040.62","2021.76","300190.0","3290969.0","1.313287751E9"
"2016/12/14","2036.87","0.89","0.04","2043.07","2044.42","2031.18","384033.0","3392828.0","1.31364123E9"
"2016/12/13","2035.98","8.74","0.43","2026.39","2035.99","2023.61","383364.0","4220712.0","1.310751171E9"
"2016/12/12","2027.24","2.55","0.13","2031.95","2031.95","2020.97","289804.0","3691817.0","1.305031707E9"
"2016/12/09","2024.69","-6.38","-0.31","2024.52","2026.83","2019.79","225657.0","3813856.0","1.304217187E9"
"2016/12/08","2031.07","39.18","1.97","2008.31","2031.07","2007.57","239429.0","4956346.0","1.307883233E9"
"2016/12/07","1991.89","2.03","0.10","1995.69","1997.62","1987.26","204410.0","3659556.0","1.283622932E9"
"2016/12/06","1989.86","26.50","1.35","1976.51","1993.47","1976.51","214649.0","3794721.0","1.282306755E9"
"2016/12/05","1963.36","-7.25","-0.37","1965.71","1971.24","1960.65","237190.0","3071610.0","1.264882579E9"
"2016/12/02","1970.61","-13.14","-0.66","1980.14","1981.64","1966.42","243181.0","3727863.0","1.269074669E9"
"2016/12/01","1983.75","0.27","0.01","1987.48","1989.08","1979.67","217876.0","4061247.0","1.277144302E9"
"2016/11/30","1983.48","5.09","0.26","1980.38","1988.44","1977.09","233086.0","5558990.0","1.277304961E9"
"2016/11/29","1978.39","0.26","0.01","1977.10","1982.53","1972.31","214566.0","4413544.0","1.272851862E9"
"2016/11/28","1978.13","3.67","0.19","1976.58","1983.43","1966.78","213579.0","3085102.0","1.273002694E9"
"2016/11/25","1974.46","3.20","0.16","1972.60","1978.45","1969.09","201938.0","2914479.0","1.26894846E9"
"2016/11/24","1971.26","-16.69","-0.84","1985.11","1988.96","1968.50","235444.0","3547734.0","1.267210569E9"
"2016/11/23","1987.95","4.48","0.23","1987.64","1996.65","1981.22","308200.0","4690250.0","1.277393597E9"
"2016/11/22","1983.47","17.42","0.89","1976.07","1986.82","1974.05","231368.0","3941980.0","1.276043793E9"
"2016/11/21","1966.05","-8.53","-0.43","1971.03","1976.23","1962.42","223513.0","3501443.0","1.26462046E9"
"2016/11/18","1974.58","-5.97","-0.30","1983.07","1983.26","1968.13","306957.0","4742247.0","1.26998991E9"
"2016/11/17","1980.55","0.90","0.05","1976.21","1983.87","1968.80","272172.0","3539362.0","1.270111146E9"
"2016/11/16","1979.65","12.12","0.62","1980.82","1985.67","1976.63","306500.0","4655274.0","1.269224972E9"
"2016/11/15","1967.53","-6.87","-0.35","1977.33","1978.94","1967.21","375663.0","5095586.0","1.261206252E9"
"2016/11/14","1974.40","-10.03","-0.51","1982.93","1988.65","1974.27","352117.0","5099798.0","1.265674765E9"
"2016/11/11","1984.43","-18.17","-0.91","1988.87","1994.05","1982.15","386856.0","6718928.0","1.272531403E9"
"2016/11/10","2002.60","44.22","2.26","1989.85","2002.60","1983.26","433885.0","7012811.0","1.284724724E9"
"2016/11/09","1958.38","-45.00","-2.25","2008.08","2015.23","1931.07","709043.0","7431310.0","1.247481566E9"
"2016/11/08","2003.38","5.80","0.29","2009.56","2010.17","1994.33","239579.0","3238824.0","1.27601395E9"
"2016/11/07","1997.58","15.56","0.79","1997.58","2001.74","1992.14","210334.0","3131548.0","1.27237347E9"
"2016/11/04","1982.02","-1.78","-0.09","1983.87","1985.29","1976.57","227776.0","3112409.0","1.262607502E9"
"2016/11/03","1983.80","4.86","0.25","1974.93","1988.82","1973.58","272728.0","3780779.0","1.263454855E9"
"2016/11/02","1978.94","-28.45","-1.42","1995.41","1997.46","1976.34","333530.0","4404094.0","1.260996821E9"
"2016/11/01","2007.39","-0.80","-0.04","2003.41","2010.51","1990.45","321775.0","4462622.0","1.278978193E9"
"2016/10/31","2008.19","-11.23","-0.56","2011.29","2016.01","2005.95","400665.0","4365769.0","1.279754773E9"
"2016/10/28","2019.42","-4.70","-0.23","2021.97","2026.85","2015.72","270531.0","4245554.0","1.286551479E9"
"2016/10/27","2024.12","10.23","0.51","2018.24","2026.33","2015.66","298691.0","4901199.0","1.288971635E9"
"2016/10/26","2013.89","-23.28","-1.14","2030.37","2030.37","2002.29","392402.0","4750669.0","1.282232415E9"
"2016/10/25","2037.17","-10.57","-0.52","2042.29","2042.65","2031.25","299102.0","4966045.0","1.296930773E9"
"2016/10/24","2047.74","14.74","0.73","2037.19","2047.74","2036.77","252041.0","3588033.0","1.303635039E9"
"2016/10/21","2033.00","-7.60","-0.37","2039.40","2040.40","2029.79","260355.0","3489846.0","1.294145303E9"
"2016/10/20","2040.60","-0.34","-0.02","2044.12","2048.25","2036.54","276001.0","3954964.0","1.29902398E9"
"2016/10/19","2040.94","0.51","0.02","2036.18","2050.51","2035.90","321941.0","4097667.0","1.298795666E9"
"2016/10/18","2040.43","12.82","0.63","2027.81","2040.72","2026.47","305931.0","3906404.0","1.297652128E9"
"2016/10/17","2027.61","4.95","0.24","2028.93","2033.56","2011.81","333402.0","3750746.0","1.289531338E9"
"2016/10/14","2022.66","7.22","0.36","2021.66","2028.76","2021.11","458904.0","4189366.0","1.286279151E9"
"2016/10/13","2015.44","-18.29","-0.90","2033.99","2035.93","2014.89","440256.0","4507630.0","1.281839997E9"
"2016/10/12","2033.73","1.80","0.09","2022.97","2037.02","2022.39","297373.0","4832127.0","1.293160804E9"
"2016/10/11","2031.93","-24.89","-1.21","2053.29","2060.78","2030.51","343216.0","5340941.0","1.29182778E9"
"2016/10/10","2056.82","3.02","0.15","2047.19","2058.73","2039.99","314896.0","4666619.0","1.309006187E9"
"2016/10/07","2053.80","-11.50","-0.56","2065.95","2067.49","2051.60","422447.0","5403373.0","1.309944963E9"
"2016/10/06","2065.30","12.30","0.60","2069.30","2070.43","2055.83","337709.0","5358435.0","1.317306738E9"
"2016/10/05","2053.00","-1.86","-0.09","2043.37","2056.01","2036.87","292345.0","4329764.0","1.308641459E9"
"2016/10/04","2054.86","11.23","0.55","2056.94","2059.25","2050.46","318854.0","5019206.0","1.30964762E9"
"2016/09/30","2043.63","-25.09","-1.21","2054.25","2056.33","2042.77","326387.0","5739238.0","1.301803837E9"
"2016/09/29","2068.72","15.66","0.76","2063.74","2072.09","2063.74","416169.0","4543939.0","1.318000053E9"
"2016/09/28","2053.06","-9.76","-0.47","2062.57","2062.98","2051.68","546450.0","4045607.0","1.307468513E9"
"2016/09/27","2062.82","15.71","0.77","2037.32","2064.89","2031.13","664041.0","4712693.0","1.313691311E9"
"2016/09/26","2047.11","-6.96","-0.34","2052.76","2060.71","2042.70","359616.0","3691390.0","1.304055998E9"
"2016/09/23","2054.07","4.37","0.21","2053.22","2057.35","2048.96","494113.0","4536563.0","1.308797963E9"
"2016/09/22","2049.70","13.71","0.67","2050.31","2060.26","2048.80","447589.0","4259943.0","1.307437444E9"
"2016/09/21","2035.99","10.28","0.51","2022.81","2035.99","2021.78","525097.0","4132887.0","1.298121409E9"
"2016/09/20","2025.71","9.93","0.49","2014.50","2026.56","2010.25","362345.0","4186377.0","1.291619685E9"
"2016/09/19","2015.78","16.42","0.82","1997.43","2019.45","1997.10","434438.0","4961595.0","1.284707657E9"
"2016/09/13","1999.36","7.88","0.40","2011.93","2013.03","1997.58","437425.0","5146693.0","1.273899302E9"
"2016/09/12","1991.48","-46.39","-2.28","2003.67","2011.04","1991.47","422882.0","4815792.0","1.267336204E9"
"2016/09/09","2037.87","-25.86","-1.25","2048.94","2049.30","2029.46","392683.0","4373806.0","1.298073357E9"
"2016/09/08","2063.73","1.85","0.09","2064.96","2070.66","2053.20","656653.0","5643675.0","1.315372676E9"
"2016/09/07","2061.88","-4.65","-0.23","2068.81","2073.89","2061.88","687157.0","5053397.0","1.313591171E9"
"2016/09/06","2066.53","6.45","0.31","2058.21","2067.77","2057.26","462550.0","4096682.0","1.317208172E9"
"2016/09/05","2060.08","21.77","1.07","2049.19","2061.00","2047.49","572967.0","4127936.0","1.312321591E9"
"2016/09/02","2038.31","5.59","0.28","2033.92","2039.18","2030.17","342631.0","3937152.0","1.298805435E9"
"2016/09/01","2032.72","-1.93","-0.09","2022.96","2032.72","2016.47","300506.0","4373706.0","1.294938068E9"
"2016/08/31","2034.65","-5.09","-0.25","2038.58","2041.17","2027.24","400953.0","5485909.0","1.296942351E9"
"2016/08/30","2039.74","7.39","0.36","2038.60","2049.99","2036.76","378564.0","3817975.0","1.300619797E9"
"2016/08/29","2032.35","-5.15","-0.25","2028.64","2034.63","2024.93","316969.0","3843486.0","1.295847423E9"
"2016/08/26","2037.50","-5.42","-0.27","2036.74","2039.91","2027.68","288185.0","4011867.0","1.298673905E9"
"2016/08/25","2042.92","-0.84","-0.04","2041.58","2046.00","2035.01","277432.0","4198774.0","1.302439448E9"
"2016/08/24","2043.76","-6.17","-0.30","2050.82","2052.74","2039.53","285183.0","4144213.0","1.303342577E9"
"2016/08/23","2049.93","7.77","0.38","2044.27","2051.43","2041.86","360414.0","4470553.0","1.307730331E9"
"2016/08/22","2042.16","-14.08","-0.68","2054.37","2054.71","2040.51","343503.0","4101258.0","1.302637823E9"
"2016/08/19","2056.24","0.77","0.04","2057.90","2059.30","2049.52","392319.0","5005350.0","1.311350305E9"
"2016/08/18","2055.47","11.72","0.57","2048.15","2056.09","2041.90","353081.0","4764864.0","1.310197227E9"
"2016/08/17","2043.75","-4.01","-0.20","2045.37","2048.29","2032.53","391715.0","4406925.0","1.301963105E9"
"2016/08/16","2047.76","-2.71","-0.13","2056.00","2063.09","2047.73","374873.0","4503851.0","1.304494576E9"
"2016/08/12","2050.47","1.67","0.08","2053.82","2060.84","2046.15","376489.0","4667632.0","1.305975257E9"
"2016/08/11","2048.80","4.16","0.20","2042.64","2048.80","2035.25","346082.0","4490356.0","1.304638117E9"
"2016/08/10","2044.64","0.86","0.04","2043.03","2049.36","2039.86","331092.0","4638220.0","1.302129885E9"
"2016/08/09","2043.78","12.66","0.62","2033.52","2046.03","2032.18","436717.0","4172628.0","1.301778454E9"
"2016/08/08","2031.12","13.18","0.65","2025.55","2031.14","2018.81","270485.0","4169817.0","1.293946098E9"
"2016/08/05","2017.94","17.91","0.90","2006.23","2018.16","2004.37","289293.0","4168008.0","1.28588853E9"
"2016/08/04","2000.03","5.24","0.26","2006.08","2006.48","1994.73","326514.0","3648388.0","1.273523592E9"
"2016/08/03","1994.79","-24.24","-1.20","2008.68","2008.68","1993.00","485853.0","4387077.0","1.269643958E9"
"2016/08/02","2019.03","-10.58","-0.52","2023.55","2026.10","2017.59","409940.0","4314086.0","1.284954079E9"
"2016/08/01","2029.61","13.42","0.67","2024.71","2031.58","2024.57","369588.0","4822082.0","1.291814814E9"
"2016/07/29","2016.19","-4.91","-0.24","2023.24","2028.99","2016.19","366385.0","5028662.0","1.283158114E9"
"2016/07/28","2021.10","-3.95","-0.20","2029.07","2029.38","2014.36","350881.0","4343065.0","1.287721677E9"
"2016/07/27","2025.05","-2.29","-0.11","2027.07","2030.69","2021.15","411661.0","4493918.0","1.289921314E9"
"2016/07/26","2027.34","15.02","0.75","2009.40","2027.34","2008.25","338607.0","4072566.0","1.291738101E9"
"2016/07/25","2012.32","1.98","0.10","2014.74","2020.69","2006.63","350231.0","4053087.0","1.281905616E9"
"2016/07/22","2010.34","-1.88","-0.09","2005.37","2014.44","2002.66","320954.0","3866948.0","1.280788529E9"
"2016/07/21","2012.22","-3.24","-0.16","2019.36","2020.55","2007.59","391049.0","3921400.0","1.282299382E9"
"2016/07/20","2015.46","-1.43","-0.07","2013.40","2015.47","2003.87","316336.0","3541334.0","1.284410624E9"
"2016/07/19","2016.89","-4.22","-0.21","2022.80","2023.22","2010.27","380798.0","3766201.0","1.285044648E9"
"2016/07/18","2021.11","3.85","0.19","2018.22","2022.11","2012.30","380092.0","3569171.0","1.287818135E9"
"2016/07/15","2017.26","8.49","0.42","2015.37","2022.34","2011.10","477808.0","4640272.0","1.285347839E9"
"2016/07/14","2008.77","3.22","0.16","2004.12","2009.67","1997.94","340227.0","4318864.0","1.276284573E9"
"2016/07/13","2005.55","14.32","0.72","2007.65","2013.60","1995.84","357643.0","4743548.0","1.273883223E9"
"2016/07/12","1991.23","2.69","0.14","1991.13","1998.03","1986.45","432650.0","4485333.0","1.2639912E9"
"2016/07/11","1988.54","25.44","1.30","1979.36","1990.95","1977.81","337764.0","4384854.0","1.26279204E9"
"2016/07/08","1963.10","-10.98","-0.56","1972.28","1979.75","1956.91","356527.0","4315295.0","1.245831577E9"
"2016/07/07","1974.08","20.96","1.07","1963.30","1976.49","1959.83","378755.0","3936372.0","1.252748245E9"
"2016/07/06","1953.12","-36.73","-1.85","1980.11","1982.80","1944.33","457439.0","4764744.0","1.239376225E9"
"2016/07/05","1989.85","-5.45","-0.27","1995.69","1996.77","1985.94","405487.0","3951492.0","1.263270454E9"
"2016/07/04","1995.30","7.98","0.40","1989.44","1997.37","1985.11","468611.0","4150963.0","1.266629651E9"
"2016/07/01","1987.32","16.97","0.86","1977.36","1993.98","1975.89","448128.0","4325444.0","1.261236964E9"
"2016/06/30","1970.35","13.99","0.72","1971.54","1972.81","1959.28","349863.0","5326567.0","1.250198142E9"
"2016/06/29","1956.36","20.14","1.04","1946.31","1966.21","1941.90","451186.0","4865380.0","1.240335079E9"
"2016/06/28","1936.22","9.37","0.49","1907.71","1937.99","1907.49","373459.0","4452632.0","1.227810137E9"
"2016/06/27","1926.85","1.61","0.08","1901.85","1926.87","1900.83","394266.0","5175626.0","1.222271046E9"
"2016/06/24","1925.24","-61.47","-3.09","2001.55","2001.55","1892.75","750546.0","8724510.0","1.221280862E9"
"2016/06/23","1986.71","-5.87","-0.29","1989.42","1990.71","1980.14","455390.0","4220798.0","1.25908731E9"
"2016/06/22","1992.58","9.88","0.50","1981.78","1994.76","1979.37","407435.0","4136232.0","1.2632087E9"
"2016/06/21","1982.70","1.58","0.08","1977.80","1983.87","1971.99","557437.0","4514571.0","1.256919869E9"
"2016/06/20","1981.12","27.72","1.42","1974.43","1984.07","1969.56","391345.0","4045044.0","1.255559309E9"
"2016/06/17","1953.40","1.41","0.07","1966.23","1970.54","1949.60","485269.0","4488888.0","1.238327356E9"
"2016/06/16","1951.99","-16.84","-0.86","1971.53","1974.01","1944.80","438794.0","4452386.0","1.23724563E9"
"2016/06/15","1968.83","-3.20","-0.16","1972.00","1975.87","1960.97","376769.0","4694854.0","1.247663848E9"
"2016/06/14","1972.03","-7.03","-0.36","1976.80","1982.32","1965.34","439937.0","5009885.0","1.249481895E9"
"2016/06/13","1979.06","-38.57","-1.91","2001.03","2001.79","1976.69","443002.0","4679938.0","1.253317434E9"
"2016/06/10","2017.63","-6.54","-0.32","2022.77","2022.77","2014.15","404303.0","4777125.0","1.278075774E9"
"2016/06/09","2024.17","-2.91","-0.14","2028.02","2035.27","2012.14","599681.0","7955011.0","1.282125842E9"
"2016/06/08","2027.08","15.45","0.77","2013.72","2027.09","2008.59","497935.0","5845815.0","1.283948013E9"
"2016/06/07","2011.63","25.79","1.30","1993.08","2011.67","1992.77","481348.0","5541395.0","1.274446268E9"
"2016/06/03","1985.84","0.73","0.04","1991.58","1991.58","1979.66","540859.0","5497341.0","1.25822025E9"
"2016/06/02","1985.11","2.39","0.12","1983.86","1988.00","1978.82","474228.0","5400505.0","1.257911512E9"
"2016/06/01","1982.72","-0.68","-0.03","1976.87","1986.76","1975.82","502290.0","5383975.0","1.255999302E9"
"2016/05/31","1983.40","16.27","0.83","1962.47","1984.18","1958.16","657045.0","8612421.0","1.255356335E9"
"2016/05/30","1967.13","-2.04","-0.10","1969.72","1970.54","1955.49","550503.0","4664445.0","1.244653363E9"
"2016/05/27","1969.17","12.11","0.62","1962.33","1971.27","1959.75","523531.0","4911232.0","1.2462194E9"
"2016/05/26","1957.06","-3.45","-0.18","1965.81","1967.45","1955.97","558264.0","5103803.0","1.238082336E9"
"2016/05/25","1960.51","22.83","1.18","1953.63","1964.91","1951.17","656874.0","5456224.0","1.240305865E9"
"2016/05/24","1937.68","-17.57","-0.90","1951.18","1951.39","1937.67","517076.0","5005499.0","1.22497878E9"
"2016/05/23","1955.25","7.58","0.39","1954.26","1956.77","1940.44","399514.0","4062459.0","1.23564526E9"
"2016/05/20","1947.67","0.89","0.05","1943.84","1951.50","1940.36","388052.0","4455609.0","1.2306917E9"
"2016/05/19","1946.78","-9.95","-0.51","1953.91","1954.29","1942.48","505920.0","5307636.0","1.230162314E9"
"2016/05/18","1956.73","-11.33","-0.58","1962.78","1964.34","1945.56","696273.0","6697755.0","1.23657888E9"
"2016/05/17","1968.06","0.15","0.01","1973.86","1975.10","1962.57","597583.0","5521944.0","1.243839736E9"
"2016/05/16","1967.91","0.92","0.05","1961.91","1970.53","1961.32","526718.0","4872478.0","1.242835129E9"
"2016/05/13","1966.99","-10.50","-0.53","1979.97","1980.45","1962.77","509123.0","4545160.0","1.24251773E9"
"2016/05/12","1977.49","-2.61","-0.13","1973.28","1981.49","1970.54","462882.0","4144196.0","1.249546729E9"
"2016/05/11","1980.10","-2.40","-0.12","1989.17","1989.17","1970.48","398532.0","4451795.0","1.251635369E9"
"2016/05/10","1982.50","14.69","0.75","1965.86","1982.50","1964.90","369085.0","4857463.0","1.252479087E9"
"2016/05/09","1967.81","-8.90","-0.45","1974.52","1976.14","1962.92","342189.0","5303038.0","1.243495067E9"
"2016/05/04","1976.71","-9.70","-0.49","1978.24","1982.38","1969.22","352696.0","5056070.0","1.248353738E9"
"2016/05/03","1986.41","8.26","0.42","1988.34","1989.41","1979.66","310492.0","3813503.0","1.253911676E9"
"2016/05/02","1978.15","-16.00","-0.80","1991.84","1991.84","1977.03","328195.0","3879204.0","1.24865566E9"
"2016/04/29","1994.15","-6.78","-0.34","1998.68","1999.34","1983.30","401063.0","5334758.0","1.261953136E9"
"2016/04/28","2000.93","-14.47","-0.72","2020.83","2022.99","1998.60","341143.0","5460707.0","1.266323307E9"
"2016/04/27","2015.40","-4.23","-0.21","2019.31","2019.86","2012.75","412803.0","5398189.0","1.276057089E9"
"2016/04/26","2019.63","5.08","0.25","2013.26","2021.59","2011.85","509282.0","5281101.0","1.27888315E9"
"2016/04/25","2014.55","-0.94","-0.05","2016.05","2016.65","2007.18","397675.0","4423940.0","1.276352744E9"
"2016/04/22","2015.49","-6.61","-0.33","2014.93","2017.90","2010.94","480471.0","4215697.0","1.276836008E9"
"2016/04/21","2022.10","16.27","0.81","2014.60","2022.10","2009.45","392096.0","4783030.0","1.280902761E9"
"2016/04/20","2005.83","-5.53","-0.27","2017.05","2023.77","2005.82","423964.0","4653339.0","1.27078121E9"
"2016/04/19","2011.36","2.26","0.11","2015.10","2020.29","2007.68","401236.0","4465586.0","1.274155091E9"
"2016/04/18","2009.10","-5.61","-0.28","2001.35","2009.55","1998.49","339248.0","4304947.0","1.273435355E9"
"2016/04/15","2014.71","-1.22","-0.06","2013.38","2016.95","2008.68","317710.0","4523020.0","1.276212676E9"
"2016/04/14","2015.93","34.61","1.75","2004.15","2016.03","2000.83","473520.0","6406408.0","1.27657553E9"
"2016/04/12","1981.32","10.95","0.56","1970.50","1981.73","1968.50","387319.0","3944190.0","1.255329129E9"
"2016/04/11","1970.37","-1.68","-0.09","1972.25","1973.90","1963.21","379537.0","3863261.0","1.248256434E9"
"2016/04/08","1972.05","-1.84","-0.09","1961.29","1972.12","1954.11","400616.0","4388854.0","1.249066943E9"
"2016/04/07","1973.89","2.57","0.13","1978.75","1980.43","1964.99","434062.0","4631482.0","1.249999633E9"
"2016/04/06","1971.32","8.58","0.44","1963.17","1975.09","1961.51","358032.0","4569307.0","1.248789221E9"
"2016/04/05","1962.74","-16.23","-0.82","1972.38","1973.17","1959.26","368165.0","4026410.0","1.243245434E9"
"2016/04/04","1978.97","5.40","0.27","1974.73","1979.03","1969.35","363317.0","4262833.0","1.254254153E9"
"2016/04/01","1973.57","-22.28","-1.12","1994.77","1994.77","1970.17","392258.0","5156265.0","1.250637258E9"
"2016/03/31","1995.85","-6.29","-0.31","2005.72","2007.43","1986.74","335074.0","5203139.0","1.265001896E9"
"2016/03/30","2002.14","7.23","0.36","2005.24","2009.10","1998.51","368305.0","4619554.0","1.269244086E9"
"2016/03/29","1994.91","12.37","0.62","1986.93","1997.33","1984.07","385454.0","4044430.0","1.264203668E9"
"2016/03/28","1982.54","-1.27","-0.06","1984.93","1992.46","1981.37","410468.0","3406777.0","1.256238512E9"
"2016/03/25","1983.81","-2.16","-0.11","1991.06","1991.06","1981.53","463422.0","3806596.0","1.256783617E9"
"2016/03/24","1985.97","-9.15","-0.46","1988.46","1992.76","1981.17","341173.0","3822814.0","1.258472322E9"
"2016/03/23","1995.12","-1.69","-0.08","1996.47","2001.67","1989.84","367551.0","4019678.0","1.264002062E9"
"2016/03/22","1996.81","7.05","0.35","1993.37","1997.76","1986.87","383752.0","4492776.0","1.265131035E9"
"2016/03/21","1989.76","-2.36","-0.12","1999.25","2003.12","1982.70","323260.0","4043690.0","1.260543529E9"
"2016/03/18","1992.12","4.13","0.21","1996.31","1996.31","1986.04","385848.0","4776064.0","1.261477235E9"
"2016/03/17","1987.99","13.09","0.66","1984.69","2000.30","1984.33","291578.0","5094461.0","1.258766313E9"
"2016/03/16","1974.90","4.93","0.25","1971.58","1982.08","1969.66","294461.0","4124127.0","1.250641744E9"
"2016/03/15","1969.97","-2.30","-0.12","1975.61","1979.46","1966.44","264583.0","3813225.0","1.247136108E9"
"2016/03/14","1972.27","0.86","0.04","1985.74","1985.90","1970.56","357078.0","4218503.0","1.248793363E9"
"2016/03/11","1971.41","2.08","0.11","1968.30","1975.87","1966.65","303419.0","4207111.0","1.248055842E9"
"2016/03/10","1969.33","16.38","0.84","1958.87","1976.19","1955.67","352325.0","5162483.0","1.246487835E9"
"2016/03/09","1952.95","6.83","0.35","1940.55","1952.95","1938.32","355392.0","4280889.0","1.235545056E9"
"2016/03/08","1946.12","-11.75","-0.60","1958.94","1958.94","1935.55","358685.0","4893203.0","1.232017083E9"
"2016/03/07","1957.87","2.24","0.11","1961.26","1963.43","1955.97","344613.0","4687644.0","1.239615544E9"
"2016/03/04","1955.63","-2.54","-0.13","1956.01","1958.46","1949.47","316418.0","4605781.0","1.238204596E9"
"2016/03/03","1958.17","10.75","0.55","1957.83","1958.17","1946.57","420984.0","4981597.0","1.240008234E9"
"2016/03/02","1947.42","30.76","1.60","1944.27","1949.94","1942.24","323352.0","5178067.0","1.232705587E9"
"2016/02/29","1916.66","-3.50","-0.18","1921.76","1927.05","1916.66","275052.0","4615417.0","1.213244564E9"
"2016/02/26","1920.16","1.59","0.08","1927.10","1927.80","1917.07","280217.0","4644806.0","1.215116614E9"
"2016/02/25","1918.57","6.04","0.32","1919.08","1928.49","1906.99","305790.0","4179857.0","1.213111446E9"
"2016/02/24","1912.53","-1.69","-0.09","1908.71","1918.63","1906.19","281601.0","3556542.0","1.209058668E9"
"2016/02/23","1914.22","-2.14","-0.11","1928.85","1929.53","1909.79","326811.0","3982344.0","1.21041388E9"
"2016/02/22","1916.36","0.12","0.01","1911.56","1921.14","1905.85","267859.0","3486295.0","1.211715539E9"
"2016/02/19","1916.24","7.40","0.39","1904.50","1916.24","1902.24","312198.0","3880810.0","1.211528782E9"
"2016/02/18","1908.84","24.90","1.32","1909.40","1910.12","1898.49","332576.0","4785965.0","1.206990296E9"
"2016/02/17","1883.94","-4.36","-0.23","1889.41","1897.37","1881.03","344629.0","5188346.0","1.191552737E9"
"2016/02/16","1888.30","26.10","1.40","1870.10","1892.15","1868.11","388318.0","4267908.0","1.193523037E9"
"2016/02/15","1862.20","26.92","1.47","1857.33","1864.62","1847.60","284595.0","4500530.0","1.177463738E9"
"2016/02/12","1835.28","-26.26","-1.41","1850.67","1857.12","1817.97","470500.0","6338971.0","1.16032851E9"
"2016/02/11","1861.54","-56.25","-2.93","1872.68","1877.77","1858.90","386428.0","4770142.0","1.176622962E9"
"2016/02/05","1917.79","1.53","0.08","1914.55","1921.76","1910.31","305767.0","4791924.0","1.212176289E9"
"2016/02/04","1916.26","25.59","1.35","1900.48","1917.09","1897.18","365805.0","5253766.0","1.210371424E9"
"2016/02/03","1890.67","-15.93","-0.84","1893.83","1894.72","1882.75","408595.0","4815439.0","1.193846682E9"
"2016/02/02","1906.60","-18.22","-0.95","1914.96","1920.02","1906.06","412273.0","4639399.0","1.203571836E9"
"2016/02/01","1924.82","12.76","0.67","1919.62","1926.11","1912.85","440317.0","5160758.0","1.215560971E9"
"2016/01/29","1912.06","5.12","0.27","1905.01","1912.07","1888.48","386555.0","6483654.0","1.20745769E9"
"2016/01/28","1906.94","9.07","0.48","1885.38","1907.56","1877.78","354306.0","6242581.0","1.207459165E9"
"2016/01/27","1897.87","26.18","1.40","1888.07","1902.03","1883.39","348905.0","5065421.0","1.202100437E9"
"2016/01/26","1871.69","-21.74","-1.15","1881.87","1884.13","1862.98","298825.0","4470666.0","1.185447563E9"
"2016/01/25","1893.43","14.00","0.74","1890.15","1901.22","1882.74","315304.0","4049948.0","1.199185333E9"
"2016/01/22","1879.43","38.90","2.11","1860.30","1879.43","1859.54","408460.0","4399146.0","1.190177921E9"
"2016/01/21","1840.53","-4.92","-0.27","1848.10","1860.02","1838.04","433742.0","4792984.0","1.165653994E9"
"2016/01/20","1845.45","-44.19","-2.34","1885.36","1885.36","1830.06","407299.0","5339553.0","1.168847406E9"
"2016/01/19","1889.64","11.19","0.60","1879.80","1889.90","1866.76","335321.0","4536459.0","1.196846006E9"
"2016/01/18","1878.45","-0.42","-0.02","1856.03","1882.21","1854.55","276937.0","4119704.0","1.188342443E9"
"2016/01/15","1878.87","-21.14","-1.11","1915.83","1918.30","1873.35","312360.0","4578794.0","1.188669435E9"
"2016/01/14","1900.01","-16.27","-0.85","1893.18","1900.48","1882.02","310979.0","4387096.0","1.202051363E9"
"2016/01/13","1916.28","25.42","1.34","1904.33","1921.00","1902.49","265221.0","3943112.0","1.212573969E9"
"2016/01/12","1890.86","-3.98","-0.21","1907.61","1910.59","1888.94","295136.0","3917469.0","1.196604297E9"
"2016/01/11","1894.84","-22.78","-1.19","1897.18","1907.43","1892.69","328768.0","4509490.0","1.199940483E9"
"2016/01/08","1917.62","13.29","0.70","1889.42","1918.25","1883.82","430204.0","5205454.0","1.213738733E9"
"2016/01/07","1904.33","-21.10","-1.10","1915.71","1926.41","1901.24","393042.0","5003025.0","1.205546062E9"
"2016/01/06","1925.43","-5.10","-0.26","1934.25","1934.25","1911.61","594613.0","6274717.0","1.21929693E9"
"2016/01/05","1930.53","11.77","0.61","1911.93","1937.57","1911.93","446549.0","4197594.0","1.22262174E9"
"2016/01/04","1918.76","-42.55","-2.17","1954.47","1954.52","1918.76","359018.0","3966274.0","1.215384387E9"
"2015/12/30","1961.31","-5.00","-0.25","1973.03","1974.67","1958.78","304463.0","3706627.0","1.242832089E9"
"2015/12/29","1966.31","2.25","0.11","1956.49","1968.57","1946.21","401428.0","3798204.0","1.245674313E9"
"2015/12/28","1964.06","-26.59","-1.34","1990.59","1991.19","1964.06","396643.0","3840600.0","1.245487966E9"
"2015/12/24","1990.65","-8.57","-0.43","2009.34","2009.99","1990.65","504620.0","3617395.0","1.260855414E9"
"2015/12/23","1999.22","6.66","0.33","1994.20","2007.42","1989.30","502367.0","4345763.0","1.266100583E9"
"2015/12/22","1992.56","11.37","0.57","1984.37","1992.72","1971.32","577236.0","4181140.0","1.261894716E9"
"2015/12/21","1981.19","5.87","0.30","1974.26","1986.66","1968.14","539596.0","3594695.0","1.254807195E9"
"2015/12/18","1975.32","-2.64","-0.13","1960.32","1981.42","1958.12","677729.0","4218016.0","1.251129346E9"
"2015/12/17","1977.96","8.56","0.43","1984.06","1987.83","1967.64","379574.0","3923864.0","1.253042882E9"
"2015/12/16","1969.40","36.43","1.88","1950.15","1975.63","1950.05","475098.0","4306031.0","1.247470364E9"
"2015/12/15","1932.97","5.15","0.27","1935.82","1938.04","1925.75","434738.0","3643732.0","1.224352614E9"
"2015/12/14","1927.82","-20.80","-1.07","1926.36","1930.40","1919.22","439741.0","4272255.0","1.221052368E9"
"2015/12/11","1948.62","-3.45","-0.18","1952.82","1961.00","1943.67","380713.0","4126570.0","1.234143722E9"
"2015/12/10","1952.07","3.83","0.20","1947.21","1956.84","1940.40","377849.0","4699413.0","1.236360404E9"
"2015/12/09","1948.24","-0.80","-0.04","1951.39","1956.70","1944.78","378095.0","3690506.0","1.234234604E9"
"2015/12/08","1949.04","-14.63","-0.75","1964.22","1971.07","1948.43","406176.0","3632715.0","1.234740686E9"
"2015/12/07","1963.67","-10.73","-0.54","1987.62","1988.04","1963.66","382133.0","3396773.0","1.245865766E9"
"2015/12/04","1974.40","-19.67","-0.99","1972.16","1983.02","1970.48","379466.0","3297515.0","1.253193062E9"
"2015/12/03","1994.07","-15.22","-0.76","2000.20","2000.20","1981.59","365870.0","3515393.0","1.265264412E9"
"2015/12/02","2009.29","-14.64","-0.72","2026.08","2026.19","2009.29","631315.0","4415990.0","1.275060982E9"
"2015/12/01","2023.93","31.96","1.60","2001.51","2026.33","2001.51","573342.0","4902802.0","1.284539542E9"
"2015/11/30","1991.97","-37.02","-1.82","2022.38","2022.38","1987.12","452866.0","6538490.0","1.263656186E9"
"2015/11/27","2028.99","-1.69","-0.08","2038.71","2038.72","2026.40","481951.0","4005776.0","1.286995052E9"
"2015/11/26","2030.68","21.26","1.06","2014.88","2033.18","2014.88","454457.0","4428687.0","1.288215418E9"
"2015/11/25","2009.42","-6.87","-0.34","2018.24","2018.93","2007.91","391647.0","4256142.0","1.274840957E9"
"2015/11/24","2016.29","12.59","0.63","2004.29","2019.95","2003.06","417005.0","4362321.0","1.27947582E9"
"2015/11/23","2003.70","13.84","0.70","1995.92","2008.34","1992.86","383231.0","4481649.0","1.271487516E9"
"2015/11/20","1989.86","0.95","0.05","1988.96","1993.97","1985.93","413656.0","4032701.0","1.26318253E9"
"2015/11/19","1988.91","26.03","1.33","1976.94","1988.92","1972.85","422517.0","5130497.0","1.263302131E9"
"2015/11/18","1962.88","-0.70","-0.04","1967.25","1973.16","1961.43","541860.0","4611918.0","1.245925943E9"
"2015/11/17","1963.58","20.56","1.06","1967.36","1974.08","1959.22","417559.0","4510066.0","1.245962998E9"
"2015/11/16","1943.02","-30.27","-1.53","1945.68","1956.09","1942.85","433427.0","5358919.0","1.232730118E9"
"2015/11/13","1973.29","-20.07","-1.01","1975.97","1981.27","1969.71","342313.0","4261918.0","1.251364867E9"
"2015/11/12","1993.36","-3.91","-0.20","1997.32","1998.66","1991.28","389445.0","3492604.0","1.26387564E9"
"2015/11/11","1997.27","0.68","0.03","1993.81","2001.73","1983.14","286567.0","3874412.0","1.26624086E9"
"2015/11/10","1996.59","-29.11","-1.44","2015.45","2015.45","1988.54","417458.0","5734870.0","1.265046203E9"
"2015/11/09","2025.70","-15.37","-0.75","2038.59","2038.59","2022.52","435389.0","6058318.0","1.283538895E9"
"2015/11/06","2041.07","-8.34","-0.41","2048.17","2055.14","2038.46","465030.0","4590162.0","1.293197659E9"
"2015/11/05","2049.41","-3.36","-0.16","2049.30","2050.44","2039.93","349079.0","4024588.0","1.296940923E9"
"2015/11/04","2052.77","4.37","0.21","2053.51","2056.12","2042.38","545086.0","4953164.0","1.299093722E9"
"2015/11/03","2048.40","13.16","0.65","2042.60","2053.24","2040.75","591737.0","5797182.0","1.296486161E9"
"2015/11/02","2035.24","5.77","0.28","2033.15","2036.05","2028.20","366382.0","4771553.0","1.288909458E9"
"2015/10/30","2029.47","-4.69","-0.23","2034.78","2038.56","2027.80","380671.0","6187956.0","1.284928132E9"
"2015/10/29","2034.16","-8.35","-0.41","2050.97","2064.72","2032.56","481349.0","6261445.0","1.284194609E9"
"2015/10/28","2042.51","-2.14","-0.10","2045.67","2045.67","2032.39","402201.0","5094460.0","1.288005914E9"
"2015/10/27","2044.65","-3.43","-0.17","2043.52","2045.81","2036.22","449155.0","4095909.0","1.28886411E9"
"2015/10/26","2048.08","7.68","0.38","2049.41","2049.60","2039.97","459950.0","4343328.0","1.291107718E9"
"2015/10/23","2040.40","17.40","0.86","2043.67","2054.82","2036.92","648999.0","5384801.0","1.286286064E9"
"2015/10/22","2023.00","-19.98","-0.98","2040.43","2042.57","2019.53","695814.0","5951986.0","1.275462393E9"
"2015/10/21","2042.98","3.62","0.18","2039.25","2053.95","2035.59","668945.0","5438631.0","1.287677503E9"
"2015/10/20","2039.36","9.09","0.45","2031.50","2040.24","2026.67","958060.0","4787760.0","1.280746439E9"
"2015/10/19","2030.27","0.01","0.00","2032.36","2036.30","2022.25","726843.0","4283441.0","1.275173624E9"
"2015/10/16","2030.26","-3.01","-0.15","2037.98","2038.06","2025.19","550798.0","5350548.0","1.275140481E9"
"2015/10/15","2033.27","23.72","1.18","2008.29","2035.80","2007.46","498901.0","4655278.0","1.277356778E9"
"2015/10/14","2009.55","-9.50","-0.47","2014.47","2016.14","2002.63","644803.0","5031597.0","1.262498317E9"
"2015/10/13","2019.05","-2.58","-0.13","2021.20","2024.50","2010.16","604996.0","5193985.0","1.267759092E9"
"2015/10/12","2021.63","2.10","0.10","2022.33","2030.92","2015.43","635085.0","6219312.0","1.269227363E9"
"2015/10/08","2019.53","13.69","0.68","2016.36","2020.19","1998.66","700993.0","6259808.0","1.268109506E9"
"2015/10/07","2005.84","15.19","0.76","1995.87","2006.24","1994.55","761720.0","6195453.0","1.259986163E9"
"2015/10/06","1990.65","12.40","0.63","1996.29","1998.02","1985.17","661636.0","5633450.0","1.249178502E9"
"2015/10/05","1978.25","8.57","0.44","1981.60","1994.65","1975.55","545634.0","4651118.0","1.241237367E9"
"2015/10/02","1969.68","-9.64","-0.49","1979.41","1985.57","1969.68","1030977.0","5277113.0","1.236240729E9"
"2015/10/01","1979.32","16.51","0.84","1963.55","1986.01","1958.63","678978.0","5229856.0","1.240669928E9"
"2015/09/30","1962.81","19.96","1.03","1915.46","1962.84","1915.04","546992.0","5655560.0","1.230579424E9"
"2015/09/25","1942.85","-4.25","-0.22","1948.30","1951.94","1932.49","796574.0","4311737.0","1.217368815E9"
"2015/09/24","1947.10","2.46","0.13","1956.94","1958.73","1944.31","921265.0","5080728.0","1.220294717E9"
"2015/09/23","1944.64","-37.42","-1.89","1960.33","1968.16","1944.51","856989.0","5433916.0","1.218891581E9"
"2015/09/22","1982.06","17.38","0.88","1973.54","1983.99","1966.05","696372.0","4534815.0","1.242197297E9"
"2015/09/21","1964.68","-31.27","-1.57","1973.24","1980.80","1960.11","376423.0","3858232.0","1.230985524E9"
"2015/09/18","1995.95","19.46","0.98","1978.39","1996.47","1964.12","523798.0","6807801.0","1.250560937E9"
"2015/09/17","1976.49","1.04","0.05","1989.07","1989.07","1972.93","510173.0","5676960.0","1.238718462E9"
"2015/09/16","1975.45","37.89","1.96","1949.49","1978.68","1949.15","584758.0","5959319.0","1.238163363E9"
"2015/09/15","1937.56","6.10","0.32","1930.44","1938.90","1927.62","390824.0","4067673.0","1.214290196E9"
"2015/09/14","1931.46","-9.91","-0.51","1947.65","1948.02","1921.45","362915.0","4136992.0","1.209580982E9"
"2015/09/11","1941.37","-20.74","-1.06","1942.88","1951.26","1939.73","503010.0","4679790.0","1.215172342E9"
"2015/09/10","1962.11","27.91","1.44","1918.42","1962.11","1915.44","460345.0","5498232.0","1.227341573E9"
"2015/09/09","1934.20","55.52","2.96","1903.28","1934.20","1902.93","516171.0","5303536.0","1.210916528E9"
"2015/09/08","1878.68","-4.54","-0.24","1889.14","1894.56","1868.48","391891.0","4759166.0","1.1769126E9"
"2015/09/07","1883.22","-2.82","-0.15","1883.36","1895.99","1870.59","288157.0","3785322.0","1.179516488E9"
"2015/09/04","1886.04","-29.49","-1.54","1921.81","1923.06","1879.94","361090.0","4688499.0","1.180704916E9"
"2015/09/03","1915.53","0.31","0.02","1929.78","1931.19","1911.17","297283.0","4624097.0","1.198605654E9"
"2015/09/02","1915.22","0.99","0.05","1886.14","1920.62","1883.50","342022.0","5014264.0","1.196968638E9"
"2015/09/01","1914.23","-27.26","-1.40","1934.44","1939.67","1914.22","324479.0","4831116.0","1.196137315E9"
"2015/08/31","1941.49","3.82","0.20","1934.12","1941.49","1925.52","350943.0","6024472.0","1.212680898E9"
"2015/08/28","1937.67","29.67","1.56","1932.39","1938.61","1927.39","446751.0","6519469.0","1.209654494E9"
"2015/08/27","1908.00","13.91","0.73","1912.42","1920.39","1898.98","482661.0","6719363.0","1.191319289E9"
"2015/08/26","1894.09","47.46","2.57","1843.70","1895.45","1835.58","453387.0","6849271.0","1.182380356E9"
"2015/08/25","1846.63","16.82","0.92","1840.94","1864.30","1806.79","451587.0","6679761.0","1.153956825E9"
"2015/08/24","1829.81","-46.26","-2.47","1860.03","1872.86","1800.75","415178.0","6235256.0","1.143177407E9"
"2015/08/21","1876.07","-38.48","-2.01","1862.79","1886.49","1856.91","512314.0","6834430.0","1.172659638E9"
"2015/08/20","1914.55","-24.83","-1.28","1929.43","1933.79","1912.55","397527.0","5157649.0","1.196321599E9"
"2015/08/19","1939.38","-16.88","-0.86","1954.56","1959.51","1915.91","506786.0","7253388.0","1.211657714E9"
"2015/08/18","1956.26","-12.26","-0.62","1977.61","1979.33","1954.35","472766.0","5607258.0","1.221559996E9"
"2015/08/17","1968.52","-14.94","-0.75","1991.05","1991.05","1968.44","561574.0","4622504.0","1.228555722E9"
"2015/08/13","1983.46","7.99","0.40","1975.47","1990.70","1966.02","376591.0","5178551.0","1.239674654E9"
"2015/08/12","1975.47","-11.18","-0.56","1980.04","1989.10","1948.91","524252.0","6860222.0","1.235286893E9"
"2015/08/11","1986.65","-16.52","-0.82","2020.15","2021.81","1986.46","366408.0","5080635.0","1.242034736E9"
"2015/08/10","2003.17","-7.06","-0.35","2008.44","2008.55","1993.96","308327.0","4491921.0","1.252313277E9"
"2015/08/07","2010.23","-3.06","-0.15","2009.39","2012.90","2001.13","334578.0","4744990.0","1.256006486E9"
"2015/08/06","2013.29","-16.47","-0.81","2037.26","2038.41","2011.60","340507.0","5884337.0","1.257563011E9"
"2015/08/05","2029.76","1.77","0.09","2027.22","2035.25","2022.98","319212.0","5064871.0","1.268581539E9"
"2015/08/04","2027.99","19.50","0.97","2007.75","2027.99","2007.66","388790.0","5020051.0","1.267664208E9"
"2015/08/03","2008.49","-21.67","-1.07","2026.25","2026.25","2005.21","358746.0","5118528.0","1.255710752E9"
"2015/07/31","2030.16","11.13","0.55","2026.98","2030.16","2004.70","448192.0","6285953.0","1.268862612E9"
"2015/07/30","2019.03","-18.59","-0.91","2040.24","2044.93","2019.03","509318.0","6809942.0","1.262118199E9"
"2015/07/29","2037.62","-1.48","-0.07","2053.62","2055.95","2037.62","520573.0","6702194.0","1.272961246E9"
"2015/07/28","2039.10","0.29","0.01","2026.33","2045.55","2015.91","498527.0","6616942.0","1.273289346E9"
"2015/07/27","2038.81","-7.15","-0.35","2034.82","2048.15","2032.44","543243.0","6377311.0","1.273665527E9"
"2015/07/24","2045.96","-19.11","-0.93","2060.66","2060.66","2040.30","611869.0","6152505.0","1.277379658E9"
"2015/07/23","2065.07","0.34","0.02","2068.93","2069.20","2053.52","739793.0","6236606.0","1.289026392E9"
"2015/07/22","2064.73","-18.89","-0.91","2071.06","2075.94","2059.45","1160824.0","6842552.0","1.288606919E9"
"2015/07/21","2083.62","10.31","0.50","2082.18","2088.24","2069.21","727407.0","6566887.0","1.299896412E9"
"2015/07/20","2073.31","-3.48","-0.17","2077.09","2081.43","2068.19","870680.0","6032627.0","1.293193523E9"
"2015/07/17","2076.79","-11.10","-0.53","2101.22","2101.22","2068.36","819227.0","8471374.0","1.295334485E9"
"2015/07/16","2087.89","14.98","0.72","2073.29","2088.33","2071.02","697930.0","7511197.0","1.30088333E9"
"2015/07/15","2072.91","13.68","0.66","2068.38","2079.90","2060.66","619129.0","7571106.0","1.291539233E9"
"2015/07/14","2059.23","-2.29","-0.11","2070.44","2070.44","2052.21","503078.0","6807343.0","1.282991294E9"
"2015/07/13","2061.52","30.35","1.49","2033.25","2063.28","2030.21","426287.0","6234782.0","1.284730942E9"
"2015/07/10","2031.17","3.36","0.17","2036.89","2037.84","2024.76","381307.0","6694045.0","1.266003543E9"
"2015/07/09","2027.81","11.60","0.58","2000.19","2027.81","1983.78","408458.0","7076332.0","1.263596381E9"
"2015/07/08","2016.21","-24.08","-1.18","2045.88","2046.33","2010.83","453118.0","7561890.0","1.256567111E9"
"2015/07/07","2040.29","-13.64","-0.66","2067.04","2067.93","2028.98","502809.0","8282446.0","1.270619129E9"
"2015/07/06","2053.93","-50.48","-2.40","2076.06","2089.86","2052.23","474043.0","6359280.0","1.279274183E9"
"2015/07/03","2104.41","-2.92","-0.14","2107.51","2109.68","2094.02","419549.0","5993989.0","1.310771039E9"
"2015/07/02","2107.33","9.44","0.45","2107.11","2110.81","2098.76","565339.0","7123090.0","1.313180646E9"
"2015/07/01","2097.89","23.69","1.14","2077.27","2100.34","2072.54","471566.0","5887524.0","1.307385643E9"
"2015/06/30","2074.20","13.71","0.67","2054.83","2075.02","2049.44","392413.0","5653578.0","1.293129967E9"
"2015/06/29","2060.49","-29.77","-1.42","2056.44","2068.85","2054.33","503807.0","6207218.0","1.284489136E9"
"2015/06/26","2090.26","5.20","0.25","2083.40","2097.01","2080.79","492774.0","6345469.0","1.301822077E9"
"2015/06/25","2085.06","-0.47","-0.02","2077.84","2088.16","2073.95","575912.0","5935775.0","1.298501594E9"
"2015/06/24","2085.53","4.33","0.21","2086.69","2087.68","2076.78","400754.0","5340099.0","1.299458967E9"
"2015/06/23","2081.20","26.04","1.27","2071.30","2086.09","2066.21","329799.0","5293354.0","1.296185989E9"
"2015/06/22","2055.16","8.20","0.40","2059.60","2068.07","2050.30","266962.0","4320381.0","1.279769868E9"
"2015/06/19","2046.96","5.08","0.25","2056.54","2057.71","2044.71","400329.0","5649939.0","1.274578489E9"
"2015/06/18","2041.88","7.02","0.34","2046.19","2052.00","2036.78","390973.0","5324239.0","1.271691513E9"
"2015/06/17","2034.86","6.14","0.30","2035.48","2037.12","2021.50","354723.0","5112642.0","1.267459896E9"
"2015/06/16","2028.72","-13.60","-0.67","2045.01","2045.77","2008.46","381408.0","6360420.0","1.262980145E9"
"2015/06/15","2042.32","-9.85","-0.48","2041.07","2049.68","2033.72","313946.0","4968902.0","1.271122016E9"
"2015/06/12","2052.17","-4.44","-0.22","2068.45","2074.78","2044.87","388258.0","6152211.0","1.277287528E9"
"2015/06/11","2056.61","5.29","0.26","2065.07","2065.07","2051.10","457020.0","7628903.0","1.279618526E9"
"2015/06/10","2051.32","-12.71","-0.62","2079.13","2080.03","2049.13","427361.0","6260203.0","1.276549989E9"
"2015/06/09","2064.03","-1.16","-0.06","2063.40","2073.75","2057.21","421881.0","5606086.0","1.284380957E9"
"2015/06/08","2065.19","-2.91","-0.14","2068.51","2068.51","2056.50","393564.0","5600602.0","1.285935551E9"
"2015/06/05","2068.10","-4.76","-0.23","2062.22","2075.02","2060.91","394291.0","6196819.0","1.288676222E9"
"2015/06/04","2072.86","9.70","0.47","2070.49","2082.60","2062.75","400364.0","7425342.0","1.29180143E9"
"2015/06/03","2063.16","-15.48","-0.74","2078.51","2087.95","2059.34","541167.0","6612354.0","1.285026881E9"
"2015/06/02","2078.64","-23.73","-1.13","2102.62","2107.17","2076.16","520056.0","7029220.0","1.294288904E9"
"2015/06/01","2102.37","-12.43","-0.59","2110.12","2110.88","2086.00","426928.0","5897428.0","1.310109641E9"
"2015/05/29","2114.80","3.91","0.19","2109.38","2123.39","2106.70","456143.0","7898248.0","1.318606947E9"
"2015/05/28","2110.89","3.39","0.16","2117.77","2123.52","2110.89","416116.0","6847486.0","1.315524158E9"
"2015/05/27","2107.50","-36.00","-1.68","2133.49","2134.95","2103.64","439029.0","8038776.0","1.313307991E9"
"2015/05/26","2143.50","-2.60","-0.12","2146.47","2148.70","2130.30","381383.0","6664711.0","1.335922314E9"
"2015/05/22","2146.10","23.29","1.10","2131.11","2146.10","2126.88","444585.0","6084899.0","1.3367586E9"
"2015/05/21","2122.81","-16.73","-0.78","2139.68","2140.60","2121.49","398146.0","5683597.0","1.322590771E9"
"2015/05/20","2139.54","18.69","0.88","2128.01","2140.24","2125.49","452114.0","6080979.0","1.332753718E9"
"2015/05/19","2120.85","7.13","0.34","2114.29","2126.89","2107.62","418480.0","5758117.0","1.320658615E9"
"2015/05/18","2113.72","7.22","0.34","2108.15","2113.72","2099.48","445155.0","5853343.0","1.316383346E9"
"2015/05/15","2106.50","-13.83","-0.65","2132.53","2134.36","2104.77","491706.0","6152414.0","1.311860888E9"
"2015/05/14","2120.33","6.17","0.29","2115.59","2121.68","2111.72","430833.0","5117208.0","1.320368108E9"
"2015/05/13","2114.16","17.39","0.83","2100.10","2115.36","2100.08","377032.0","5001954.0","1.315899887E9"
"2015/05/12","2096.77","-0.61","-0.03","2100.63","2101.72","2088.64","391924.0","5016009.0","1.305255568E9"
"2015/05/11","2097.38","11.86","0.57","2106.12","2110.79","2097.38","329704.0","5040356.0","1.307246124E9"
"2015/05/08","2085.52","-5.48","-0.26","2090.19","2094.06","2082.72","309505.0","4760652.0","1.300179698E9"
"2015/05/07","2091.00","-13.58","-0.65","2098.48","2099.44","2067.99","423246.0","5464314.0","1.304188947E9"
"2015/05/06","2104.58","-27.65","-1.30","2122.03","2123.22","2095.60","428092.0","5673933.0","1.313221989E9"
"2015/05/04","2132.23","5.06","0.24","2134.51","2139.30","2128.72","355620.0","4729117.0","1.33097166E9"
"2015/04/30","2127.17","-15.46","-0.72","2134.94","2136.90","2121.29","509130.0","6171207.0","1.327284545E9"
"2015/04/29","2142.63","-5.04","-0.23","2155.01","2156.24","2126.36","458065.0","6700508.0","1.336120381E9"
"2015/04/28","2147.67","-9.87","-0.46","2162.50","2164.52","2144.85","415055.0","6144217.0","1.339024328E9"
"2015/04/27","2157.54","-2.26","-0.10","2169.14","2169.14","2152.09","392339.0","6196420.0","1.345398327E9"
"2015/04/24","2159.80","-13.61","-0.63","2181.24","2189.54","2154.27","508420.0","8265327.0","1.346807973E9"
"2015/04/23","2173.41","29.52","1.38","2156.94","2174.72","2139.33","521587.0","8225131.0","1.356487315E9"
"2015/04/22","2143.89","-0.90","-0.04","2146.59","2161.23","2125.88","769387.0","8537488.0","1.338086372E9"
"2015/04/21","2144.79","-1.92","-0.09","2153.42","2153.84","2140.12","561781.0","6925599.0","1.338614031E9"
"2015/04/20","2146.71","3.21","0.15","2126.55","2146.73","2126.55","509037.0","7095217.0","1.34010049E9"
"2015/04/17","2143.50","3.60","0.17","2142.72","2144.76","2134.10","464627.0","6344547.0","1.338322786E9"
"2015/04/16","2139.90","19.94","0.94","2134.14","2139.90","2125.54","476420.0","7320104.0","1.335363966E9"
"2015/04/15","2119.96","8.24","0.39","2114.56","2122.72","2110.25","451397.0","7378687.0","1.322955333E9"
"2015/04/14","2111.72","12.80","0.61","2101.76","2111.73","2095.97","648846.0","8051715.0","1.318448528E9"
"2015/04/13","2098.92","11.16","0.53","2094.10","2099.97","2088.82","561806.0","7020313.0","1.310679792E9"
"2015/04/10","2087.76","28.89","1.40","2066.32","2089.09","2065.39","658383.0","6414643.0","1.303644135E9"
"2015/04/09","2058.87","-0.39","-0.02","2060.30","2064.46","2054.17","529862.0","6045591.0","1.285499571E9"
"2015/04/08","2059.26","12.23","0.60","2048.75","2060.19","2046.09","552684.0","6518068.0","1.28616464E9"
"2015/04/07","2047.03","0.60","0.03","2059.05","2059.09","2043.79","436233.0","4861154.0","1.27807642E9"
"2015/04/06","2046.43","1.01","0.05","2049.87","2055.45","2043.26","460493.0","4769018.0","1.276962029E9"
"2015/04/03","2045.42","16.35","0.81","2035.83","2045.94","2031.27","498636.0","4527546.0","1.275569668E9"
"2015/04/02","2029.07","0.62","0.03","2036.90","2040.45","2028.22","655864.0","6006832.0","1.265451082E9"
"2015/04/01","2028.45","-12.58","-0.62","2035.40","2039.04","2024.64","542801.0","5386245.0","1.265134363E9"
"2015/03/31","2041.03","10.99","0.54","2042.31","2046.90","2032.24","555933.0","5367292.0","1.272317323E9"
"2015/03/30","2030.04","10.24","0.51","2026.60","2033.27","2018.12","439556.0","4465390.0","1.264850793E9"
"2015/03/27","2019.80","-2.76","-0.14","2026.75","2027.25","2016.88","448964.0","5110739.0","1.258779522E9"
"2015/03/26","2022.56","-20.25","-0.99","2027.20","2036.70","2019.51","342261.0","5154957.0","1.260042046E9"
"2015/03/25","2042.81","1.44","0.07","2043.16","2046.97","2038.14","423409.0","5109071.0","1.27266359E9"
"2015/03/24","2041.37","4.78","0.23","2035.08","2041.77","2028.54","328834.0","4664616.0","1.270912537E9"
"2015/03/23","2036.59","-0.65","-0.03","2043.22","2043.92","2032.35","314897.0","4686340.0","1.267982784E9"
"2015/03/20","2037.24","-0.65","-0.03","2037.13","2040.00","2027.81","351732.0","5195223.0","1.26821995E9"
"2015/03/19","2037.89","9.44","0.47","2047.13","2047.13","2031.07","468284.0","5799017.0","1.269130014E9"
"2015/03/18","2028.45","-1.46","-0.07","2032.19","2036.13","2026.72","362009.0","5388526.0","1.263191048E9"
"2015/03/17","2029.91","42.58","2.14","1998.26","2029.91","1997.27","356554.0","5386343.0","1.263927338E9"
"2015/03/16","1987.33","1.54","0.08","1985.59","1991.79","1982.26","319163.0","4646946.0","1.237802459E9"
"2015/03/13","1985.79","15.20","0.77","1987.17","1991.87","1982.96","326707.0","4350273.0","1.237140385E9"
"2015/03/12","1970.59","-10.24","-0.52","1979.22","1988.77","1970.59","384041.0","6400260.0","1.22769904E9"
"2015/03/11","1980.83","-3.94","-0.20","1971.04","1984.60","1969.13","399532.0","5887014.0","1.233596861E9"
"2015/03/10","1984.77","-8.05","-0.40","2000.66","2003.19","1982.22","433405.0","4786369.0","1.235314121E9"
"2015/03/09","1992.82","-20.12","-1.00","2004.94","2005.81","1990.87","296747.0","4048388.0","1.240328478E9"
"2015/03/06","2012.94","14.56","0.73","2003.97","2013.73","2003.18","393347.0","4809475.0","1.253062506E9"
"2015/03/05","1998.38","0.09","0.00","1996.81","2002.48","1993.92","373683.0","4055523.0","1.243683404E9"
"2015/03/04","1998.29","-3.09","-0.15","2001.76","2003.85","1996.50","374540.0","4724947.0","1.244053793E9"
"2015/03/03","2001.38","4.57","0.23","2002.50","2003.05","1995.93","444865.0","5438365.0","1.245663369E9"
"2015/03/02","1996.81","11.01","0.55","1996.72","1999.13","1988.33","373366.0","5785660.0","1.242157728E9"
"2015/02/27","1985.80","-7.28","-0.37","1992.76","1993.34","1982.50","424548.0","5675034.0","1.235242829E9"
"2015/02/26","1993.08","2.61","0.13","1993.27","1993.43","1983.94","385656.0","5153504.0","1.240227987E9"
"2015/02/25","1990.47","14.35","0.73","1988.47","1992.03","1984.53","369498.0","5017453.0","1.238838904E9"
"2015/02/24","1976.12","7.73","0.39","1975.65","1980.38","1972.61","309544.0","4262649.0","1.229471283E9"
"2015/02/23","1968.39","6.94","0.35","1974.44","1976.96","1966.77","347581.0","4142518.0","1.22457499E9"
"2015/02/17","1961.45","3.22","0.16","1955.77","1962.97","1952.33","304531.0","3510747.0","1.220463775E9"
"2015/02/16","1958.23","0.73","0.04","1960.03","1963.44","1955.39","350944.0","3690780.0","1.218670142E9"
"2015/02/13","1957.50","15.87","0.82","1949.32","1957.50","1946.94","351080.0","4073754.0","1.218291649E9"
"2015/02/12","1941.63","-4.07","-0.21","1947.21","1947.47","1932.75","334825.0","4319340.0","1.208275844E9"
"2015/02/11","1945.70","9.84","0.51","1942.34","1948.89","1937.95","307454.0","4227731.0","1.210590445E9"
"2015/02/10","1935.86","-11.14","-0.57","1949.30","1954.20","1935.86","329203.0","4136832.0","1.205357397E9"
"2015/02/09","1947.00","-8.52","-0.44","1949.50","1952.86","1944.79","310182.0","4326855.0","1.212134056E9"
"2015/02/06","1955.52","2.68","0.14","1955.13","1955.52","1945.82","309818.0","5949733.0","1.217108796E9"
"2015/02/05","1952.84","-9.95","-0.51","1961.15","1962.15","1945.42","395653.0","4334613.0","1.215349284E9"
"2015/02/04","1962.79","10.83","0.55","1963.37","1970.27","1961.57","348032.0","5028816.0","1.221801023E9"
"2015/02/03","1951.96","-0.72","-0.04","1960.11","1960.35","1940.74","369978.0","4659076.0","1.214680337E9"
"2015/02/02","1952.68","3.42","0.18","1947.91","1956.10","1944.58","364831.0","4375860.0","1.215563731E9"
"2015/01/30","1949.26","-1.76","-0.09","1964.13","1964.13","1948.60","441477.0","5889623.0","1.213492316E9"
"2015/01/29","1951.02","-10.56","-0.54","1950.83","1960.12","1946.20","391034.0","5334660.0","1.21446259E9"
"2015/01/28","1961.58","9.18","0.47","1946.71","1963.53","1943.59","400930.0","5333257.0","1.220210452E9"
"2015/01/27","1952.40","16.72","0.86","1941.90","1952.41","1940.72","466962.0","4619118.0","1.21452654E9"
"2015/01/26","1935.68","-0.41","-0.02","1928.26","1936.40","1924.14","330607.0","3969674.0","1.204518131E9"
"2015/01/23","1936.09","15.27","0.79","1945.36","1945.36","1930.65","367702.0","4644549.0","1.205486406E9"
"2015/01/22","1920.82","-0.41","-0.02","1926.01","1932.50","1916.56","343132.0","4597898.0","1.196156121E9"
"2015/01/21","1921.23","2.92","0.15","1917.33","1921.88","1909.86","300843.0","4401216.0","1.196688635E9"
"2015/01/20","1918.31","15.69","0.82","1908.62","1918.85","1907.97","280895.0","3636919.0","1.193690149E9"
"2015/01/19","1902.62","14.49","0.77","1902.81","1912.42","1900.26","281120.0","3583091.0","1.183896613E9"
"2015/01/16","1888.13","-26.01","-1.36","1907.07","1907.07","1885.62","298733.0","4008277.0","1.174782572E9"
"2015/01/15","1914.14","0.48","0.03","1914.06","1919.69","1908.60","266544.0","3892782.0","1.191087315E9"
"2015/01/14","1913.66","-3.48","-0.18","1919.31","1925.68","1913.51","297517.0","4526793.0","1.190978917E9"
"2015/01/13","1917.14","-3.81","-0.20","1915.03","1920.77","1910.27","338989.0","4873084.0","1.193106587E9"
"2015/01/12","1920.95","-3.75","-0.19","1918.18","1924.66","1917.88","311915.0","3581796.0","1.195196342E9"
"2015/01/09","1924.70","20.05","1.05","1919.80","1929.10","1915.85","308781.0","4406669.0","1.197321954E9"
"2015/01/08","1904.65","20.82","1.11","1895.85","1907.23","1891.77","262207.0","4395567.0","1.185170312E9"
"2015/01/07","1883.83","1.38","0.07","1878.90","1887.60","1876.27","280510.0","3762677.0","1.171990821E9"
"2015/01/06","1882.45","-33.30","-1.74","1895.48","1900.02","1877.38","303688.0","4755440.0","1.171167157E9"
"2015/01/05","1915.75","-10.69","-0.55","1921.96","1921.96","1903.37","313443.0","4700136.0","1.191526455E9"
"2015/01/02","1926.44","10.85","0.57","1914.24","1929.15","1909.67","258776.0","3696029.0","1.198010248E9"